concurrency,prompt_type,ttft_ms,tpot,total_latency_ms,tokens_generated,stop_setting
1,short,3014.90,25.06,5329.25,58,none
1,short,106.32,17.44,622.39,9,none
1,short,244.09,29.86,545.50,9,none
1,short,97.86,26.77,882.18,21,double_newline
1,short,103.94,28.61,1397.05,37,double_newline
1,short,80.26,26.29,4949.64,128,double_newline
1,short,289.06,33.00,531.52,8,single_newline
1,short,100.06,26.95,434.07,9,single_newline
1,short,102.31,29.03,1101.21,29,single_newline
1,long,212.04,28.00,4783.27,128,none
1,long,202.05,29.17,4590.10,128,none
1,long,176.84,28.45,4675.73,128,none
1,long,179.62,32.86,453.48,9,double_newline
1,long,182.69,31.32,565.87,12,double_newline
1,long,176.95,32.77,451.57,9,double_newline
1,long,174.42,32.69,449.77,9,single_newline
1,long,172.09,59.19,205.88,2,single_newline
1,long,192.51,32.44,469.96,9,single_newline
2,short,119.90,7.58,3419.10,25,none
2,short,201.87,18.38,7165.19,128,none
2,short,128.57,13.71,5159.85,69,none
2,short,196.43,17.97,7320.73,128,none
2,short,183.35,13.86,9418.96,128,none
2,short,250.51,13.94,9435.55,128,none
2,short,186.99,24.03,561.57,9,double_newline
2,short,175.91,26.97,250.06,2,double_newline
2,short,149.60,16.74,687.28,9,double_newline
2,short,149.42,24.82,5305.62,128,double_newline
2,short,83.75,26.66,1321.56,33,double_newline
2,short,156.10,26.85,230.60,2,double_newline
2,short,108.78,18.52,3240.64,58,single_newline
2,short,107.87,3.71,917.47,3,single_newline
2,short,183.55,23.91,601.79,10,single_newline
2,short,247.68,13.77,320.29,1,single_newline
2,short,106.26,25.02,426.00,8,single_newline
2,short,105.56,14.51,174.50,1,single_newline
2,long,347.19,13.12,10104.65,128,none
2,long,449.00,13.22,10131.16,128,none
2,long,189.29,14.93,8760.36,128,none
2,long,276.01,15.04,8787.32,128,none
2,long,300.22,14.10,9378.17,128,none
2,long,385.28,14.19,9406.73,128,none
2,long,326.37,14.56,944.43,9,double_newline
2,long,396.82,15.52,1105.81,11,double_newline
2,long,248.10,16.21,618.24,6,double_newline
2,long,335.02,18.18,610.03,5,double_newline
2,long,250.98,14.59,936.42,10,double_newline
2,long,250.33,14.58,935.99,10,double_newline
2,long,258.26,15.79,828.13,9,single_newline
2,long,253.41,15.81,822.62,9,single_newline
2,long,263.28,17.72,940.31,12,single_newline
2,long,259.44,16.24,628.93,6,single_newline
2,long,202.73,14.74,813.28,9,single_newline
2,long,294.09,15.81,989.97,11,single_newline
4,short,388.47,3.89,2704.90,9,none
4,short,385.66,10.93,12094.42,128,none
4,short,266.17,10.91,11998.82,128,none
4,short,385.28,10.93,12094.07,128,none
4,short,549.49,11.85,5107.68,54,none
4,short,542.21,12.31,10938.50,128,none
4,short,669.32,11.88,6308.36,67,none
4,short,669.38,12.37,11014.17,128,none
4,short,2740.74,11.90,7279.38,54,none
4,short,2733.03,12.71,12800.10,128,none
4,short,2732.86,12.71,12800.03,128,none
4,short,453.71,10.44,12716.17,128,none
4,short,300.83,14.78,909.77,9,double_newline
4,short,223.18,20.39,370.33,3,double_newline
4,short,223.14,20.39,370.26,3,double_newline
4,short,147.44,13.04,761.03,8,double_newline
4,short,547.94,16.26,3929.86,55,double_newline
4,short,125.41,4.74,547.65,2,double_newline
4,short,125.34,11.99,3043.81,35,double_newline
4,short,125.33,9.29,986.45,8,double_newline
4,short,255.50,16.42,803.67,9,double_newline
4,short,95.44,13.85,9339.49,128,double_newline
4,short,181.06,13.92,9374.32,128,double_newline
4,short,180.99,16.96,652.80,8,double_newline
4,short,196.62,11.27,995.49,9,single_newline
4,short,192.63,10.96,466.26,3,single_newline
4,short,192.50,18.12,2068.46,34,single_newline
4,short,118.92,13.60,192.46,1,single_newline
4,short,131.63,16.27,684.65,9,single_newline
4,short,130.37,26.43,206.05,2,single_newline
4,short,130.30,20.89,1278.98,24,single_newline
4,short,130.24,16.42,617.52,8,single_newline
4,short,216.22,21.48,961.00,16,single_newline
4,short,214.95,26.47,290.52,2,single_newline
4,short,214.90,17.01,626.46,7,single_newline
4,short,137.37,16.36,626.46,8,single_newline
4,long,467.27,13.27,10110.29,128,none
4,long,466.72,13.27,10109.63,128,none
4,long,466.69,13.27,10109.61,128,none
4,long,218.21,13.04,10032.15,128,none
4,long,380.06,14.66,9112.93,128,none
4,long,378.19,14.66,9111.08,128,none
4,long,378.14,14.66,9111.07,128,none
4,long,130.32,14.37,9038.25,128,none
4,long,381.23,14.78,9038.93,128,none
4,long,380.40,14.78,9038.08,128,none
4,long,136.11,14.49,8972.02,128,none
4,long,380.34,14.78,9038.03,128,none
4,long,394.08,17.06,863.03,8,double_newline
4,long,389.77,16.34,940.46,9,double_newline
4,long,389.73,10.98,2938.69,28,double_newline
4,long,155.53,15.77,5101.64,78,double_newline
4,long,375.26,12.94,1689.20,17,double_newline
4,long,373.63,11.84,1133.56,9,double_newline
4,long,373.53,17.51,716.17,6,double_newline
4,long,137.13,11.61,1687.47,18,double_newline
4,long,398.90,16.55,942.63,9,double_newline
4,long,396.70,18.22,671.09,5,double_newline
4,long,396.58,24.55,5488.76,125,double_newline
4,long,396.63,16.55,940.33,9,double_newline
4,long,381.35,16.61,862.89,8,single_newline
4,long,140.91,12.27,792.81,8,single_newline
4,long,379.94,18.48,1516.43,21,single_newline
4,long,379.92,15.43,1222.19,13,single_newline
4,long,361.96,16.33,913.14,9,single_newline
4,long,361.66,18.03,638.99,5,single_newline
4,long,361.57,23.61,1971.40,38,single_newline
4,long,361.59,16.02,1048.18,11,single_newline
4,long,349.33,16.53,712.42,6,single_newline
4,long,347.98,52748.17,348.00,1,single_newline
4,long,348.00,24.31,2898.54,62,single_newline
4,long,347.96,15.31,1262.60,14,single_newline
8,short,302.18,9.25,1275.29,9,none
8,short,301.71,11.90,6518.82,74,none
8,short,301.60,12.59,10466.12,128,none
8,short,301.65,12.59,10466.12,128,none
8,short,301.55,11.28,3759.69,39,none
8,short,301.56,12.59,10466.02,128,none
8,short,301.54,11.26,3233.15,33,none
8,short,174.91,12.54,10385.60,128,none
8,short,314.47,13.56,978.15,9,none
8,short,308.48,13.08,10097.44,128,none
8,short,308.30,13.08,10097.39,128,none
8,short,308.18,12.98,9550.69,120,none
8,short,308.11,13.12,3052.13,36,none
8,short,307.89,13.08,10097.06,128,none
8,short,307.78,12.98,4775.36,58,none
8,short,202.34,12.79,8570.18,107,none
8,short,234.23,12.80,4764.60,58,none
8,short,226.57,13.06,10029.17,128,none
8,short,226.55,13.06,10029.10,128,none
8,short,226.46,13.06,10028.78,128,none
8,short,226.51,12.50,3267.48,38,none
8,short,115.28,12.92,7312.08,93,none
8,short,226.40,13.01,1071.82,11,none
8,short,226.46,13.06,10028.94,128,none
8,short,401.79,10.50,1259.13,9,double_newline
8,short,396.15,14.61,533.08,2,double_newline
8,short,270.45,9.10,929.79,6,double_newline
8,short,396.17,10.15,1184.18,8,double_newline
8,short,396.16,12.10,2462.08,25,double_newline
8,short,396.15,10.92,1403.55,11,double_newline
8,short,396.10,11.11,1476.36,12,double_newline
8,short,396.13,19.38,4626.46,82,double_newline
8,short,350.48,12.71,1058.52,9,double_newline
8,short,170.43,18.94,276.02,2,double_newline
8,short,276.00,12.09,9873.47,116,double_newline
8,short,275.94,12.58,832.39,7,double_newline
8,short,275.57,12.57,2900.69,33,double_newline
8,short,275.57,12.77,1137.27,11,double_newline
8,short,275.89,12.78,1215.01,12,double_newline
8,short,275.55,12.68,10369.47,128,double_newline
8,short,629.92,13.56,1293.79,9,double_newline
8,short,478.84,13.71,697.63,3,double_newline
8,short,478.76,13.23,932.31,6,double_newline
8,short,478.74,12.93,1020.05,7,double_newline
8,short,359.88,12.87,3700.70,43,double_newline
8,short,478.69,13.63,9285.33,120,double_newline
8,short,478.67,12.34,1451.01,12,double_newline
8,short,478.68,14.04,9593.70,128,double_newline
8,short,231.25,7.75,1392.23,9,single_newline
8,short,228.13,23.62,312.81,2,single_newline
8,short,228.07,12.23,3498.11,40,single_newline
8,short,228.07,8.01,1226.66,8,single_newline
8,short,228.05,12.19,3919.16,45,single_newline
8,short,228.03,8.83,1473.16,11,single_newline
8,short,117.84,8.12,1473.08,11,single_newline
8,short,227.90,17.48,5835.45,98,single_newline
8,short,208.68,14.18,843.45,9,single_newline
8,short,208.21,26.09,284.85,2,single_newline
8,short,208.19,13.54,5967.60,78,single_newline
8,short,208.18,16.24,700.67,8,single_newline
8,short,208.13,13.38,2972.61,37,single_newline
8,short,208.02,16.99,7740.25,128,single_newline
8,short,208.12,13.64,1014.51,11,single_newline
8,short,97.01,13.34,5418.17,71,single_newline
8,short,202.39,13.56,866.19,9,single_newline
8,short,201.29,24.50,282.93,2,single_newline
8,short,201.25,13.67,7880.79,105,single_newline
8,short,201.21,13.52,3602.57,46,single_newline
8,short,201.09,13.23,3602.64,45,single_newline
8,short,201.19,13.68,8025.05,107,single_newline
8,short,94.49,12.88,948.76,11,single_newline
8,short,201.15,14.99,8740.74,128,single_newline
8,long,802.08,10.83,12617.72,128,none
8,long,801.74,10.83,12622.64,128,none
8,long,141.58,10.33,12537.87,128,none
8,long,801.30,10.83,12619.30,128,none
8,long,801.20,10.83,12619.26,128,none
8,long,801.28,10.83,12622.19,128,none
8,long,801.26,10.83,12622.15,128,none
8,long,801.25,10.83,12622.12,128,none
8,long,1099.45,12.19,11599.82,128,none
8,long,457.97,11.57,11517.20,128,none
8,long,1096.25,12.19,11596.62,128,none
8,long,1096.24,12.19,11596.61,128,none
8,long,1096.23,12.19,11596.61,128,none
8,long,1096.16,12.19,11596.54,128,none
8,long,1096.02,12.19,11596.40,128,none
8,long,1096.02,12.19,11596.50,128,none
8,long,1004.96,12.23,11470.04,128,none
8,long,1002.05,12.23,11464.43,128,none
8,long,1001.97,12.24,11462.89,128,none
8,long,246.71,11.47,11401.91,128,none
8,long,1001.86,12.24,11462.80,128,none
8,long,1001.69,12.24,11462.67,128,none
8,long,1001.92,12.23,11464.23,128,none
8,long,1001.93,12.23,11467.03,128,none
8,long,870.64,6.11,4307.02,21,double_newline
8,long,860.85,12.50,1500.86,8,double_newline
8,long,860.77,8.65,6180.22,46,double_newline
8,long,860.73,12.70,10940.97,128,double_newline
8,long,860.66,10.18,1744.70,9,double_newline
8,long,860.70,12.23,1432.91,7,double_newline
8,long,262.30,4.30,3747.00,15,double_newline
8,long,860.69,9.82,9010.69,80,double_newline
8,long,807.05,12.73,1749.66,12,double_newline
8,long,791.62,12.49,1912.16,14,double_newline
8,long,791.46,12.79,1260.71,6,double_newline
8,long,791.45,12.15,6056.97,64,double_newline
8,long,791.30,12.66,1581.39,10,double_newline
8,long,791.21,12.63,1424.83,8,double_newline
8,long,242.28,11.05,3409.43,35,double_newline
8,long,791.02,14.21,7615.01,97,double_newline
8,long,783.93,13.76,1437.94,9,double_newline
8,long,782.63,13.03,1703.82,12,double_newline
8,long,782.59,12.24,2171.81,17,double_newline
8,long,782.52,12.00,2949.89,26,double_newline
8,long,782.53,13.76,1436.50,9,double_newline
8,long,782.51,14.01,1353.33,8,double_newline
8,long,782.50,19.44,7365.68,128,double_newline
8,long,206.94,8.37,1521.72,11,double_newline
8,long,731.42,13.58,1394.11,9,single_newline
8,long,730.47,13.58,1393.17,9,single_newline
8,long,169.38,14.06,3513.25,47,single_newline
8,long,730.23,13.18,1792.78,14,single_newline
8,long,730.38,15.93,1106.95,6,single_newline
8,long,730.35,15.94,1106.83,6,single_newline
8,long,730.28,13.00,2037.69,17,single_newline
8,long,730.28,13.03,2802.79,27,single_newline
8,long,743.26,9.46,1906.18,11,single_newline
8,long,741.80,10.21,2308.16,16,single_newline
8,long,741.90,10.82,2498.30,19,single_newline
8,long,742.35,9.44,1695.55,9,single_newline
8,long,742.44,9.50,1584.11,8,single_newline
8,long,741.84,8.54,1327.15,5,single_newline
8,long,742.37,9.44,1695.55,9,single_newline
8,long,742.33,10.04,2236.95,15,single_newline
8,long,735.03,14.23,1367.70,9,single_newline
8,long,734.44,14.45,1288.19,8,single_newline
8,long,734.47,17.17,2831.29,36,single_newline
8,long,734.44,13.36,1857.41,15,single_newline
8,long,734.43,14.23,1367.05,9,single_newline
8,long,734.27,14.00,1448.40,10,single_newline
8,long,734.40,13.17,2176.97,19,single_newline
8,long,734.38,13.36,1857.32,15,single_newline
16,short,321.16,8.50,1379.46,9,none
16,short,320.62,9.75,5040.61,46,none
16,short,320.62,9.74,13457.31,128,none
16,short,320.60,9.63,10495.97,98,none
16,short,320.57,9.50,3688.59,32,none
16,short,320.55,9.74,13457.23,128,none
16,short,320.49,8.65,1592.07,11,none
16,short,320.50,9.74,13457.02,128,none
16,short,320.45,8.52,1376.69,9,none
16,short,320.50,9.74,13457.18,128,none
16,short,320.47,9.74,13457.15,128,none
16,short,320.31,9.74,13457.03,128,none
16,short,320.46,9.42,2762.07,23,none
16,short,320.42,9.72,7108.75,66,none
16,short,320.41,8.65,1592.09,11,none
16,short,320.40,9.62,12892.83,121,none
16,short,630.93,4.84,7656.76,34,none
16,short,620.60,4.58,7177.80,30,none
16,short,620.90,7.61,17451.90,128,none
16,short,620.89,7.04,14535.24,98,none
16,short,620.73,4.95,8097.27,37,none
16,short,620.75,7.61,17444.32,128,none
16,short,620.74,4.85,7830.83,35,none
16,short,620.76,7.61,17444.30,128,none
16,short,620.72,2.68,3982.24,9,none
16,short,620.68,7.61,17444.24,128,none
16,short,620.73,7.61,17446.98,128,none
16,short,620.69,7.61,17446.93,128,none
16,short,620.65,4.64,6877.32,29,none
16,short,620.70,7.61,17446.96,128,none
16,short,620.61,2.79,4563.82,11,none
16,short,259.94,7.58,17143.59,128,none
16,short,1167.22,8.38,8806.57,64,none
16,short,1077.96,3.51,1647.19,2,none
16,short,1077.70,8.82,11507.88,92,none
16,short,1077.80,8.80,15048.81,123,none
16,short,1077.42,7.31,6001.65,36,none
16,short,1077.35,8.79,15641.56,128,none
16,short,1077.30,5.18,3199.69,11,none
16,short,1077.30,8.79,15641.55,128,none
16,short,824.62,6.83,5363.37,31,none
16,short,1077.23,8.85,13049.03,106,none
16,short,1077.28,8.72,15640.58,127,none
16,short,1077.28,8.76,15457.56,126,none
16,short,1077.24,7.12,5572.84,32,none
16,short,1076.95,8.79,15640.57,128,none
16,short,1077.27,5.18,3201.15,11,none
16,short,1076.61,8.79,15640.84,128,none
16,short,1390.49,8.66,5315.91,34,double_newline
16,short,803.08,3.59,1359.79,2,double_newline
16,short,802.90,8.58,15727.51,128,double_newline
16,short,600.50,5.80,1980.61,8,double_newline
16,short,802.93,8.22,6523.50,47,double_newline
16,short,802.93,8.57,15738.18,128,double_newline
16,short,802.81,5.85,2853.96,12,double_newline
16,short,802.74,8.57,15734.51,128,double_newline
16,short,1359.28,8.56,3928.69,22,double_newline
16,short,802.71,8.57,15738.08,128,double_newline
16,short,802.61,8.26,7707.22,57,double_newline
16,short,802.61,5.94,1980.24,7,double_newline
16,short,802.68,8.25,6740.49,49,double_newline
16,short,802.53,5.85,2853.66,12,double_newline
16,short,802.45,8.21,6284.74,45,double_newline
16,short,802.18,8.57,15733.83,128,double_newline
16,short,1264.92,10.50,6976.66,60,double_newline
16,short,911.61,6.36,1226.23,2,double_newline
16,short,911.48,7.77,1297.67,3,double_newline
16,short,911.48,10.09,5666.61,48,double_newline
16,short,911.39,10.35,4680.55,39,double_newline
16,short,910.94,9.94,9359.78,84,double_newline
16,short,910.75,9.67,7632.21,65,double_newline
16,short,633.87,9.86,10469.81,97,double_newline
16,short,1224.59,10.28,2100.03,9,double_newline
16,short,910.88,6.35,1225.65,2,double_newline
16,short,910.75,10.21,4828.07,40,double_newline
16,short,910.71,8.06,1902.96,8,double_newline
16,short,910.73,10.14,3671.52,28,double_newline
16,short,910.72,10.01,10601.56,97,double_newline
16,short,910.81,8.74,2283.67,12,double_newline
16,short,910.72,10.11,5954.41,51,double_newline
16,short,3504.27,3.99,15790.18,49,double_newline
16,short,350.86,5.98,685.19,2,double_newline
16,short,685.21,1.36,12462.37,16,double_newline
16,short,684.92,0.74,11485.14,8,double_newline
16,short,684.91,2.76,14467.15,38,double_newline
16,short,685.13,4.82,18338.14,85,double_newline
16,short,685.11,1.07,11933.52,12,double_newline
16,short,684.29,4.91,18590.14,88,double_newline
16,short,3497.50,2.90,13825.86,30,double_newline
16,short,684.82,0.71,3496.47,2,double_newline
16,short,684.76,0.91,11686.92,10,double_newline
16,short,685.05,0.74,11488.72,8,double_newline
16,short,685.04,2.86,14693.49,40,double_newline
16,short,684.79,0.99,11770.38,11,double_newline
16,short,684.75,1.07,11932.71,12,double_newline
16,short,684.72,6.44,20559.06,128,double_newline
16,short,574.49,8.31,15985.33,128,single_newline
16,short,564.23,1.57,1200.20,1,single_newline
16,short,564.14,4.78,5380.68,23,single_newline
16,short,564.07,6.45,1805.15,8,single_newline
16,short,564.06,5.39,6501.03,32,single_newline
16,short,564.06,4.62,2942.50,11,single_newline
16,short,349.65,5.89,8331.62,47,single_newline
16,short,564.00,5.50,6743.15,34,single_newline
16,short,563.97,5.49,6392.91,32,single_newline
16,short,563.87,1.57,1199.13,1,single_newline
16,short,564.02,6.45,1805.22,8,single_newline
16,short,564.01,6.45,1805.22,8,single_newline
16,short,563.99,6.32,9105.21,54,single_newline
16,short,563.63,4.81,3056.39,12,single_newline
16,short,563.58,4.41,3056.33,11,single_newline
16,short,563.58,8.31,15973.00,128,single_newline
16,short,685.54,6.87,5489.75,33,single_newline
16,short,676.54,4.31,1371.95,3,single_newline
16,short,676.50,5.77,3971.29,19,single_newline
16,short,676.46,6.35,10442.61,62,single_newline
16,short,676.45,6.74,6164.79,37,single_newline
16,short,676.47,6.44,2384.77,11,single_newline
16,short,676.47,4.28,3244.18,11,single_newline
16,short,676.39,6.73,8705.29,54,single_newline
16,short,676.39,9.80,13731.17,128,single_newline
16,short,675.04,3.44,1256.62,2,single_newline
16,short,674.83,6.08,4785.81,25,single_newline
16,short,674.94,6.66,11335.98,71,single_newline
16,short,674.91,5.90,4402.29,22,single_newline
16,short,674.94,6.40,9424.80,56,single_newline
16,short,432.16,6.65,5246.02,32,single_newline
16,short,674.92,6.40,9581.72,57,single_newline
16,short,373.38,6.79,5671.60,36,single_newline
16,short,371.32,1.71,954.98,1,single_newline
16,short,159.60,6.06,1810.98,10,single_newline
16,short,372.29,6.81,1547.05,8,single_newline
16,short,372.26,7.04,6623.11,44,single_newline
16,short,371.36,8.40,12038.98,98,single_newline
16,short,371.31,4.20,2987.30,11,single_newline
16,short,371.30,8.48,11687.79,96,single_newline
16,short,371.31,5.51,2003.74,9,single_newline
16,short,371.32,3.42,956.82,2,single_newline
16,short,372.19,6.38,1469.09,7,single_newline
16,short,371.26,9.68,13588.13,128,single_newline
16,short,372.14,6.79,5672.47,36,single_newline
16,short,371.25,7.29,7920.41,55,single_newline
16,short,372.13,4.21,2987.46,11,single_newline
16,short,371.24,7.16,6239.35,42,single_newline
16,long,2282.45,8.77,16879.11,128,none
16,long,2265.53,8.77,16861.66,128,none
16,long,2265.41,8.77,16861.55,128,none
16,long,2265.16,8.77,16861.36,128,none
16,long,2265.34,8.77,16861.47,128,none
16,long,2265.30,8.77,16861.42,128,none
16,long,763.87,8.06,16644.02,128,none
16,long,2265.42,8.77,16862.09,128,none
16,long,2265.04,8.77,16858.82,128,none
16,long,2264.73,8.77,16860.86,128,none
16,long,2264.84,8.77,16861.54,128,none
16,long,2264.81,8.77,16861.48,128,none
16,long,2264.64,8.77,16860.70,128,none
16,long,2264.79,8.77,16861.46,128,none
16,long,2264.15,8.77,16858.15,128,none
16,long,2264.62,8.77,16860.75,128,none
16,long,2387.87,9.20,16303.64,128,none
16,long,2315.81,9.20,16231.58,128,none
16,long,2315.59,9.20,16231.39,128,none
16,long,2315.69,9.20,16231.48,128,none
16,long,2315.31,9.20,16223.88,128,none
16,long,2315.40,9.20,16231.33,128,none
16,long,1051.29,8.57,15979.55,128,none
16,long,2315.51,9.20,16231.31,128,none
16,long,2315.60,9.20,16231.38,128,none
16,long,2315.56,9.20,16231.33,128,none
16,long,2315.48,9.20,16231.29,128,none
16,long,2315.57,9.20,16231.35,128,none
16,long,2315.46,9.20,16231.29,128,none
16,long,2315.43,9.20,16231.24,128,none
16,long,2315.49,9.20,16231.27,128,none
16,long,2315.41,9.20,16231.23,128,none
16,long,1893.86,9.17,15848.01,128,none
16,long,1853.27,9.17,15807.85,128,none
16,long,1852.79,9.17,15808.14,128,none
16,long,1852.73,9.17,15808.20,128,none
16,long,1852.62,9.17,15806.55,128,none
16,long,1852.57,9.17,15806.50,128,none
16,long,1852.29,9.17,15806.46,128,none
16,long,1852.53,9.17,15806.46,128,none
16,long,699.16,8.49,15773.87,128,none
16,long,1852.53,9.17,15806.48,128,none
16,long,1852.52,9.17,15806.46,128,none
16,long,1852.49,9.17,15806.43,128,none
16,long,1852.37,9.17,15807.79,128,none
16,long,1852.28,9.17,15806.22,128,none
16,long,1852.21,9.17,15804.43,128,none
16,long,1852.17,9.17,15806.10,128,none
16,long,2032.40,3.25,5412.88,11,double_newline
16,long,2028.55,7.39,2704.94,5,double_newline
16,long,2028.53,3.25,5409.84,11,double_newline
16,long,2028.44,4.72,29133.49,128,double_newline
16,long,2028.56,3.42,4953.89,10,double_newline
16,long,2028.45,3.58,6779.87,17,double_newline
16,long,2028.45,1.53,17738.02,24,double_newline
16,long,780.25,2.68,21332.03,55,double_newline
16,long,2028.33,1.59,17800.96,25,double_newline
16,long,2028.47,7.50,3094.59,8,double_newline
16,long,2028.47,3.14,5851.11,12,double_newline
16,long,2028.38,3.65,7228.40,19,double_newline
16,long,2028.42,7.61,3211.10,9,double_newline
16,long,2028.44,3.42,4956.02,10,double_newline
16,long,2027.94,4.72,29127.41,128,double_newline
16,long,2028.32,4.72,29134.24,128,double_newline
16,long,2837.95,2.65,6610.19,10,double_newline
16,long,1200.55,2.65,4974.08,10,double_newline
16,long,2823.39,4.83,11103.63,40,double_newline
16,long,2823.35,6.19,13489.34,66,double_newline
16,long,2823.28,4.38,4194.52,6,double_newline
16,long,2822.71,4.57,10040.79,33,double_newline
16,long,2822.71,7.57,19723.18,128,double_newline
16,long,1199.82,4.64,11970.25,50,double_newline
16,long,2822.62,2.65,6592.79,10,double_newline
16,long,2823.01,2.61,7426.14,12,double_newline
16,long,2823.01,6.30,16475.09,86,double_newline
16,long,2822.98,3.98,4079.41,5,double_newline
16,long,2822.59,2.54,7153.17,11,double_newline
16,long,2822.97,4.19,4973.42,9,double_newline
16,long,2821.14,4.24,4473.03,7,double_newline
16,long,2821.07,4.22,4717.21,8,double_newline
16,long,2108.03,0.77,13817.98,9,double_newline
16,long,625.50,0.62,7120.44,4,double_newline
16,long,2096.44,0.60,7132.86,3,double_newline
16,long,2096.45,3.36,25317.24,78,double_newline
16,long,2096.60,0.88,8909.56,6,double_newline
16,long,2096.63,0.85,8006.69,5,double_newline
16,long,2096.26,0.88,8902.09,6,double_newline
16,long,2096.33,0.98,17462.37,15,double_newline
16,long,2095.89,0.76,15301.14,10,double_newline
16,long,2096.34,0.79,16049.06,11,double_newline
16,long,2096.01,1.67,19476.90,29,double_newline
16,long,2095.92,0.98,17461.98,15,double_newline
16,long,2096.10,2.63,22664.88,54,double_newline
16,long,2095.72,0.77,13801.95,9,double_newline
16,long,2096.05,0.92,17362.83,14,double_newline
16,long,2095.98,2.43,21433.55,47,double_newline
16,long,1622.41,4.67,3550.88,9,single_newline
16,long,1608.96,4.66,3539.77,9,single_newline
16,long,1608.85,10.82,10480.47,96,single_newline
16,long,445.51,4.30,5788.90,23,single_newline
16,long,1608.77,4.44,3862.51,10,single_newline
16,long,1608.56,4.88,3248.86,8,single_newline
16,long,1608.49,5.02,5593.37,20,single_newline
16,long,1608.49,4.40,5019.21,15,single_newline
16,long,1608.45,4.66,3539.25,9,single_newline
16,long,1608.43,6.39,2391.17,5,single_newline
16,long,1608.48,4.90,3035.79,7,single_newline
16,long,1608.36,4.06,4809.32,13,single_newline
16,long,1608.44,4.90,3035.70,7,single_newline
16,long,1608.42,4.66,3539.21,9,single_newline
16,long,1608.41,8.29,9086.69,62,single_newline
16,long,1608.39,5.47,5998.53,24,single_newline
16,long,1265.46,3.51,3829.99,9,single_newline
16,long,1263.52,4.35,3103.64,8,single_newline
16,long,1263.12,3.51,3826.28,9,single_newline
16,long,1263.33,3.45,7056.86,20,single_newline
16,long,1263.31,3.51,3827.89,9,single_newline
16,long,1263.37,4.35,3103.72,8,single_newline
16,long,1263.30,3.21,6551.67,17,single_newline
16,long,165.74,2.84,2977.87,8,single_newline
16,long,1263.31,3.03,6217.07,15,single_newline
16,long,1263.27,4.35,3103.61,8,single_newline
16,long,1263.26,4.94,7941.84,33,single_newline
16,long,1263.26,2.87,6136.21,14,single_newline
16,long,1263.23,3.12,4473.23,10,single_newline
16,long,1263.23,2.79,5199.86,11,single_newline
16,long,1263.20,3.21,6551.45,17,single_newline
16,long,1263.12,3.03,6216.87,15,single_newline
16,long,1307.91,3.85,3643.44,9,single_newline
16,long,1306.74,4.32,2464.29,5,single_newline
16,long,1306.67,5.98,7998.39,40,single_newline
16,long,1306.63,3.77,5811.17,17,single_newline
16,long,1306.58,4.65,4749.99,16,single_newline
16,long,165.15,2.88,3641.06,10,single_newline
16,long,1306.61,4.50,4197.05,13,single_newline
16,long,1306.58,4.65,4750.06,16,single_newline
16,long,1306.13,3.85,3641.11,9,single_newline
16,long,1306.13,3.85,3641.66,9,single_newline
16,long,1306.49,7.69,8849.52,58,single_newline
16,long,1306.48,4.10,3992.35,11,single_newline
16,long,1306.50,3.93,3849.11,10,single_newline
16,long,1306.45,3.85,3641.62,9,single_newline
16,long,1306.45,4.33,2922.12,7,single_newline
16,long,1306.01,4.47,4659.55,15,single_newline
32,short,927.74,5.63,23659.18,128,none
32,short,924.75,5.63,23656.05,128,none
32,short,924.59,4.90,19888.05,93,none
32,short,924.65,5.63,23656.28,128,none
32,short,924.50,3.36,12517.33,39,none
32,short,924.65,5.63,23656.25,128,none
32,short,446.69,1.38,8397.63,11,none
32,short,924.44,5.63,23656.19,128,none
32,short,924.43,1.24,8169.06,9,none
32,short,924.38,0.32,7149.96,2,none
32,short,924.52,5.63,23656.13,128,none
32,short,924.33,5.63,23656.07,128,none
32,short,924.33,3.35,12269.29,38,none
32,short,924.33,5.63,23656.04,128,none
32,short,923.84,1.44,8579.42,11,none
32,short,923.79,3.72,13822.17,48,none
32,short,923.83,5.63,23655.48,128,none
32,short,923.62,4.46,17279.92,73,none
32,short,923.73,5.63,23654.98,128,none
32,short,923.69,5.63,23655.02,128,none
32,short,923.73,2.99,10966.77,30,none
32,short,923.67,5.63,23655.27,128,none
32,short,923.70,4.40,16612.08,69,none
32,short,923.61,5.63,23655.25,128,none
32,short,923.62,3.17,11652.86,34,none
32,short,923.57,5.63,23655.83,128,none
32,short,923.55,5.50,23653.20,125,none
32,short,923.41,4.48,17669.46,75,none
32,short,923.29,3.84,14462.17,52,none
32,short,923.41,5.63,23652.82,128,none
32,short,923.36,1.44,8578.59,11,none
32,short,923.48,5.63,23654.74,128,none
32,short,980.23,5.97,7677.59,40,none
32,short,525.74,5.54,9009.02,47,none
32,short,976.18,5.84,22879.69,128,none
32,short,976.42,5.84,22883.34,128,none
32,short,976.35,5.59,6522.70,31,none
32,short,976.46,5.84,22886.20,128,none
32,short,976.40,3.62,4017.00,11,none
32,short,976.41,5.84,22883.32,128,none
32,short,976.41,5.40,15042.28,76,none
32,short,976.41,5.81,10790.86,57,none
32,short,976.40,5.84,22883.22,128,none
32,short,976.27,5.84,22886.09,128,none
32,short,976.39,5.73,7082.76,35,none
32,short,976.23,5.80,21492.96,119,none
32,short,975.96,3.62,4018.20,11,none
32,short,975.89,5.83,11270.11,60,none
32,short,975.94,4.63,2918.66,9,none
32,short,975.90,5.84,22885.64,128,none
32,short,975.81,5.84,22878.99,128,none
32,short,975.76,5.62,13776.20,72,none
32,short,975.87,6.07,8388.36,45,none
32,short,975.80,5.84,22882.72,128,none
32,short,975.74,5.41,17430.17,89,none
32,short,975.80,5.76,20603.50,113,none
32,short,975.68,5.72,12510.28,66,none
32,short,975.75,5.56,13028.95,67,none
32,short,975.77,5.62,13775.95,72,none
32,short,975.73,5.84,22885.51,128,none
32,short,975.72,5.55,6383.76,30,none
32,short,975.67,5.84,22887.39,128,none
32,short,975.68,4.64,2917.20,9,none
32,short,975.72,5.40,15039.98,76,none
32,short,2252.17,3.67,4707.47,9,none
32,short,2212.30,7.18,20041.26,128,none
32,short,2212.16,6.11,10888.53,53,none
32,short,2212.26,6.46,13509.52,73,none
32,short,2210.00,5.62,8080.47,33,none
32,short,2210.11,6.52,13257.14,72,none
32,short,2210.03,3.89,5035.14,11,none
32,short,2210.04,7.18,20036.08,128,none
32,short,2209.92,5.44,7357.42,28,none
32,short,2209.90,6.47,14105.16,77,none
32,short,2209.92,7.18,20033.30,128,none
32,short,2209.93,7.16,18689.25,118,none
32,short,1208.29,4.57,6896.20,26,none
32,short,2209.85,7.18,20038.82,128,none
32,short,2206.68,3.89,5031.83,11,none
32,short,2206.61,7.18,20032.67,128,none
32,short,2200.09,7.18,20028.99,128,none
32,short,2200.09,3.89,5025.21,11,none
32,short,1198.21,6.83,19784.35,127,none
32,short,2200.01,7.18,20023.32,128,none
32,short,2199.97,6.00,10194.65,48,none
32,short,2199.95,6.87,17200.53,103,none
32,short,2199.85,5.44,7347.33,28,none
32,short,2199.93,6.69,16103.67,93,none
32,short,2199.92,7.18,20028.73,128,none
32,short,2199.79,7.18,20028.67,128,none
32,short,2199.82,6.90,20028.67,123,none
32,short,2199.86,3.68,4100.75,7,none
32,short,2199.70,5.56,8318.57,34,none
32,short,2199.77,7.18,20028.67,128,none
32,short,2199.67,3.89,5024.33,11,none
32,short,2199.79,6.46,14269.42,78,none
32,short,1829.79,5.53,3458.24,9,double_newline
32,short,1206.59,3.29,1815.08,2,double_newline
32,short,1206.43,6.00,11033.11,59,double_newline
32,short,1206.51,4.84,2858.66,8,double_newline
32,short,1206.45,5.27,8042.07,36,double_newline
32,short,1206.35,7.29,18771.71,128,double_newline
32,short,1206.45,4.48,3886.59,12,double_newline
32,short,1206.57,4.49,2766.62,7,double_newline
32,short,1206.35,4.64,5084.61,18,double_newline
32,short,1206.54,4.02,1952.83,3,double_newline
32,short,1206.48,7.29,18770.85,128,double_newline
32,short,1206.46,3.28,1816.29,2,double_newline
32,short,1205.63,6.10,10552.36,57,double_newline
32,short,1206.26,6.73,15921.30,99,double_newline
32,short,1204.81,4.48,3885.01,12,double_newline
32,short,1204.79,7.29,18770.50,128,double_newline
32,short,1204.84,4.84,2856.97,8,double_newline
32,short,1204.94,4.61,4456.64,15,double_newline
32,short,1203.68,7.29,18769.70,128,double_newline
32,short,1204.44,5.95,9604.49,50,double_newline
32,short,1204.58,4.97,7042.52,29,double_newline
32,short,1204.55,6.64,15209.25,93,double_newline
32,short,1204.56,4.48,3884.62,12,double_newline
32,short,1204.53,7.29,18770.35,128,double_newline
32,short,1204.26,6.07,13069.05,72,double_newline
32,short,1204.49,4.02,1950.72,3,double_newline
32,short,1204.48,5.45,8541.48,40,double_newline
32,short,1204.49,4.84,2856.57,8,double_newline
32,short,1204.44,5.12,7645.23,33,double_newline
32,short,1204.27,4.29,3765.80,11,double_newline
32,short,1204.40,5.21,6576.83,28,double_newline
32,short,1204.29,5.61,8871.14,43,double_newline
32,short,4480.78,2.08,8797.62,9,double_newline
32,short,2458.41,5.42,24045.20,117,double_newline
32,short,2458.44,5.68,24997.08,128,double_newline
32,short,2458.40,1.56,7586.91,8,double_newline
32,short,2458.33,2.93,13381.13,32,double_newline
32,short,1879.73,5.17,22768.57,108,double_newline
32,short,2458.37,1.69,9538.53,12,double_newline
32,short,2458.33,5.68,24996.98,128,double_newline
32,short,4465.05,2.09,8781.28,9,double_newline
32,short,2458.42,1.00,4465.22,2,double_newline
32,short,2458.30,1.24,6503.09,5,double_newline
32,short,2458.30,1.40,7469.22,7,double_newline
32,short,2458.30,3.13,14275.01,37,double_newline
32,short,2458.17,1.60,9315.52,11,double_newline
32,short,2456.82,1.69,9537.01,12,double_newline
32,short,2456.48,5.68,24995.25,128,double_newline
32,short,2456.71,2.66,12610.87,27,double_newline
32,short,2456.72,1.00,4461.06,2,double_newline
32,short,2456.31,2.93,13379.35,32,double_newline
32,short,2456.21,1.56,7584.72,8,double_newline
32,short,2456.23,3.41,15069.69,43,double_newline
32,short,2456.34,1.60,9313.79,11,double_newline
32,short,2456.05,1.69,9535.95,12,double_newline
32,short,2456.12,5.06,21838.26,98,double_newline
32,short,4463.14,2.08,8779.88,9,double_newline
32,short,1877.40,1.16,4463.15,3,double_newline
32,short,2456.03,4.54,18993.37,75,double_newline
32,short,2456.07,1.56,7584.59,8,double_newline
32,short,2456.07,3.07,13863.37,35,double_newline
32,short,2456.08,5.68,24991.88,128,double_newline
32,short,2456.18,1.69,9536.25,12,double_newline
32,short,2455.92,5.68,24994.62,128,double_newline
32,short,1639.63,8.68,16267.79,127,double_newline
32,short,1036.74,3.47,1613.73,2,double_newline
32,short,1036.53,6.65,8256.20,48,double_newline
32,short,1036.64,4.92,2459.99,7,double_newline
32,short,1036.61,5.23,5623.55,24,double_newline
32,short,1036.48,6.88,8888.65,54,double_newline
32,short,1036.61,4.22,3880.56,12,double_newline
32,short,1036.54,8.42,16241.62,128,double_newline
32,short,1613.20,5.66,3202.43,9,double_newline
32,short,1036.49,3.47,1613.42,2,double_newline
32,short,1036.44,7.92,13916.36,102,double_newline
32,short,1036.43,5.27,2553.61,8,double_newline
32,short,1036.40,6.25,6959.29,37,double_newline
32,short,1036.00,4.22,3880.07,12,double_newline
32,short,1036.12,4.22,3880.09,12,double_newline
32,short,1035.96,7.58,11325.78,78,double_newline
32,short,1613.13,6.88,7866.19,43,double_newline
32,short,1035.94,3.47,1612.59,2,double_newline
32,short,1035.97,7.90,13066.10,95,double_newline
32,short,1035.92,4.92,2459.03,7,double_newline
32,short,1035.96,6.24,6964.38,37,double_newline
32,short,1035.91,4.22,3879.89,12,double_newline
32,short,1035.85,4.22,3879.84,12,double_newline
32,short,1035.88,4.38,1720.80,3,double_newline
32,short,1035.94,6.71,8483.77,50,double_newline
32,short,1035.93,3.47,1612.90,2,double_newline
32,short,1035.92,7.63,10865.80,75,double_newline
32,short,1035.86,5.27,2553.09,8,double_newline
32,short,1035.77,6.26,7266.85,39,double_newline
32,short,1035.85,8.35,15761.98,123,double_newline
32,short,1035.75,4.22,3879.73,12,double_newline
32,short,605.42,7.69,12823.90,94,double_newline
32,short,656.27,4.77,2544.78,9,single_newline
32,short,646.39,2.42,1473.83,2,single_newline
32,short,646.02,7.11,5004.80,31,single_newline
32,short,645.97,4.98,2051.72,7,single_newline
32,short,645.99,6.72,4514.73,26,single_newline
32,short,646.23,5.97,3494.50,17,single_newline
32,short,645.77,5.18,2769.01,11,single_newline
32,short,645.85,5.41,2309.36,9,single_newline
32,short,645.89,6.82,4900.50,29,single_newline
32,short,645.89,3.63,1473.41,3,single_newline
32,short,645.86,7.21,8000.28,53,single_newline
32,short,645.89,5.34,2142.79,8,single_newline
32,short,645.82,6.88,5004.28,30,single_newline
32,short,645.82,8.51,15682.36,128,single_newline
32,short,644.21,5.18,2767.38,11,single_newline
32,short,644.06,6.80,6377.71,39,single_newline
32,short,247.52,5.42,3381.59,17,single_newline
32,short,644.45,2.77,1365.33,2,single_newline
32,short,644.11,5.97,3492.81,17,single_newline
32,short,644.16,1.39,1365.25,1,single_newline
32,short,644.16,6.66,7096.90,43,single_newline
32,short,644.37,8.24,14841.49,117,single_newline
32,short,644.39,6.86,5311.17,32,single_newline
32,short,644.13,7.72,13206.09,97,single_newline
32,short,644.35,4.77,2532.71,9,single_newline
32,short,644.03,2.77,1365.01,2,single_newline
32,short,644.02,7.75,11997.60,88,single_newline
32,short,644.05,5.84,3381.82,16,single_newline
32,short,644.02,6.83,5618.42,34,single_newline
32,short,643.98,6.73,6292.20,38,single_newline
32,short,644.30,5.18,2767.32,11,single_newline
32,short,643.99,8.38,15319.43,123,single_newline
32,short,779.92,1.27,7853.51,9,single_newline
32,short,770.31,5.67,23344.47,128,single_newline
32,short,770.49,1.69,3133.68,4,single_newline
32,short,770.49,2.61,12250.05,30,single_newline
32,short,770.44,3.87,16775.12,62,single_newline
32,short,770.37,5.18,21825.80,109,single_newline
32,short,770.42,1.20,9944.29,11,single_newline
32,short,770.33,1.08,7262.98,7,single_newline
32,short,770.28,1.27,7843.87,9,single_newline
32,short,770.35,1.12,2548.75,2,single_newline
32,short,770.29,1.08,7262.98,7,single_newline
32,short,770.26,0.56,2548.43,1,single_newline
32,short,770.33,2.53,12250.91,29,single_newline
32,short,770.27,1.23,9710.71,11,single_newline
32,short,769.51,1.20,9943.27,11,single_newline
32,short,769.31,3.21,14168.71,43,single_newline
32,short,769.40,5.27,22195.42,113,single_newline
32,short,769.40,0.56,2547.84,1,single_newline
32,short,298.83,2.64,12440.11,32,single_newline
32,short,769.27,1.08,7259.85,7,single_newline
32,short,769.29,2.64,12897.21,32,single_newline
32,short,769.35,4.24,17749.50,72,single_newline
32,short,769.31,1.20,9943.24,11,single_newline
32,short,769.32,3.21,14168.82,43,single_newline
32,short,769.28,1.27,7842.93,9,single_newline
32,short,769.17,1.13,2545.26,2,single_newline
32,short,769.27,4.93,20249.85,96,single_newline
32,short,769.21,1.08,7261.96,7,single_newline
32,short,769.14,3.18,14281.86,43,single_newline
32,short,769.23,5.67,23343.19,128,single_newline
32,short,769.11,1.20,9942.70,11,single_newline
32,short,769.17,4.90,20142.61,95,single_newline
32,short,740.39,3.05,3689.07,9,single_newline
32,short,733.02,2.56,1513.34,2,single_newline
32,short,732.96,3.77,4447.25,14,single_newline
32,short,729.94,1.28,1513.02,1,single_newline
32,short,729.93,5.92,7151.75,38,single_newline
32,short,729.86,7.82,11217.14,82,single_newline
32,short,311.56,3.14,3818.53,11,single_newline
32,short,732.87,3.56,3818.55,11,single_newline
32,short,729.82,3.05,3681.40,9,single_newline
32,short,729.82,2.55,1512.89,2,single_newline
32,short,729.53,3.15,3271.47,8,single_newline
32,short,729.77,3.15,3271.56,8,single_newline
32,short,729.79,6.02,7712.26,42,single_newline
32,short,732.70,3.66,4009.24,12,single_newline
32,short,732.03,3.36,4008.55,11,single_newline
32,short,732.05,6.35,8294.37,48,single_newline
32,short,732.03,5.21,5532.73,25,single_newline
32,short,729.00,2.55,1512.07,2,single_newline
32,short,728.94,3.66,4008.50,12,single_newline
32,short,728.96,3.15,3270.75,8,single_newline
32,short,731.91,5.76,6812.58,35,single_newline
32,short,731.87,3.66,4008.42,12,single_newline
32,short,731.85,3.36,4008.38,11,single_newline
32,short,728.92,10.11,13391.15,128,single_newline
32,short,728.84,3.05,3680.23,9,single_newline
32,short,728.83,1.28,1511.05,1,single_newline
32,short,728.86,6.28,8051.89,46,single_newline
32,short,731.83,2.84,3195.76,7,single_newline
32,short,731.83,5.30,6012.52,28,single_newline
32,short,728.77,3.56,3817.26,11,single_newline
32,short,728.84,5.88,7363.74,39,single_newline
32,short,731.76,6.11,7609.41,42,single_newline
32,long,2561.38,4.28,32471.35,128,none
32,long,2559.11,4.28,32469.15,128,none
32,long,205.27,4.30,29993.81,128,none
32,long,2559.23,4.28,32469.16,128,none
32,long,2558.47,4.28,32458.16,128,none
32,long,2558.87,4.28,32463.73,128,none
32,long,2558.12,4.28,32458.01,128,none
32,long,2558.35,4.28,32458.02,128,none
32,long,2558.64,4.28,32458.09,128,none
32,long,2557.17,4.28,32429.82,128,none
32,long,2558.93,4.28,32468.91,128,none
32,long,2558.66,4.28,32459.74,128,none
32,long,2558.65,4.28,32459.74,128,none
32,long,2558.64,4.28,32463.52,128,none
32,long,2558.05,4.28,32457.61,128,none
32,long,2558.59,4.28,32468.52,128,none
32,long,2558.49,4.28,32468.47,128,none
32,long,2557.80,4.28,32457.48,128,none
32,long,2558.23,4.28,32459.33,128,none
32,long,2558.44,4.28,32468.41,128,none
32,long,2558.41,4.28,32468.38,128,none
32,long,2558.03,4.28,32457.49,128,none
32,long,2557.90,4.28,32457.46,128,none
32,long,2558.18,4.28,32463.06,128,none
32,long,2558.24,4.28,32468.23,128,none
32,long,2558.22,4.28,32463.05,128,none
32,long,2557.82,4.28,32457.38,128,none
32,long,2558.34,4.28,32468.32,128,none
32,long,2558.29,4.28,32468.22,128,none
32,long,2558.18,4.28,32468.19,128,none
32,long,2558.28,4.28,32468.26,128,none
32,long,2557.74,4.28,32457.29,128,none
32,long,4055.79,7.85,20356.38,128,none
32,long,4008.63,7.85,20309.11,128,none
32,long,4008.37,7.85,20308.89,128,none
32,long,4007.86,7.85,20308.18,128,none
32,long,4008.45,7.85,20308.92,128,none
32,long,4008.49,7.85,20308.98,128,none
32,long,4008.48,7.85,20308.97,128,none
32,long,4008.46,7.85,20308.94,128,none
32,long,4008.29,7.85,20308.81,128,none
32,long,4008.24,7.85,20308.74,128,none
32,long,4008.25,7.85,20308.77,128,none
32,long,4007.85,7.85,20308.66,128,none
32,long,4007.77,7.85,20308.64,128,none
32,long,4008.36,7.85,20308.83,128,none
32,long,3992.61,7.85,20293.14,128,none
32,long,3991.95,7.85,20288.62,128,none
32,long,3992.57,7.85,20293.07,128,none
32,long,3992.46,7.85,20292.97,128,none
32,long,3992.52,7.85,20292.99,128,none
32,long,3992.53,7.85,20293.02,128,none
32,long,3992.31,7.85,20292.83,128,none
32,long,3992.52,7.85,20293.02,128,none
32,long,3992.02,7.85,20292.78,128,none
32,long,3991.98,7.85,20292.76,128,none
32,long,3991.84,7.85,20292.71,128,none
32,long,3991.99,7.85,20292.75,128,none
32,long,3992.44,7.85,20292.92,128,none
32,long,3992.41,7.85,20292.88,128,none
32,long,3992.37,7.85,20292.84,128,none
32,long,1586.31,6.90,20144.12,128,none
32,long,3992.34,7.85,20292.80,128,none
32,long,3992.30,7.85,20292.76,128,none
32,long,2994.32,8.83,17491.30,128,none
32,long,2978.02,8.83,17475.05,128,none
32,long,2977.84,8.83,17474.85,128,none
32,long,2977.61,8.83,17472.89,128,none
32,long,2977.71,8.83,17474.74,128,none
32,long,2977.62,8.83,17474.62,128,none
32,long,2977.67,8.83,17474.69,128,none
32,long,2977.67,8.83,17474.70,128,none
32,long,2977.52,8.83,17472.80,128,none
32,long,2977.60,8.83,17474.61,128,none
32,long,2977.60,8.83,17474.62,128,none
32,long,2976.56,8.83,17471.64,128,none
32,long,2977.52,8.83,17474.53,128,none
32,long,2977.53,8.83,17474.53,128,none
32,long,2975.09,8.83,17472.10,128,none
32,long,2975.17,8.83,17472.16,128,none
32,long,2975.04,8.83,17472.04,128,none
32,long,2974.97,8.83,17471.95,128,none
32,long,2975.06,8.83,17472.07,128,none
32,long,2974.97,8.83,17471.97,128,none
32,long,2975.03,8.83,17472.04,128,none
32,long,2975.11,8.83,17472.08,128,none
32,long,476.13,7.57,17383.19,128,none
32,long,2974.91,8.83,17471.90,128,none
32,long,2975.10,8.83,17472.06,128,none
32,long,2974.98,8.83,17472.00,128,none
32,long,2974.94,8.83,17471.95,128,none
32,long,2974.84,8.83,17470.11,128,none
32,long,2974.86,8.83,17471.85,128,none
32,long,2974.88,8.83,17471.89,128,none
32,long,2974.90,8.83,17471.91,128,none
32,long,2974.76,8.83,17471.75,128,none
32,long,2489.04,2.99,5494.39,9,double_newline
32,long,2482.41,2.77,5374.37,8,double_newline
32,long,2482.42,2.77,5375.54,8,double_newline
32,long,2482.40,6.19,12173.03,60,double_newline
32,long,2482.28,2.99,5487.49,9,double_newline
32,long,2482.42,3.12,5688.79,10,double_newline
32,long,2482.34,4.13,8046.71,23,double_newline
32,long,2482.24,7.07,14503.00,85,double_newline
32,long,2482.34,2.99,5487.69,9,double_newline
32,long,2482.32,3.12,5688.70,10,double_newline
32,long,2482.33,6.13,11613.99,56,double_newline
32,long,2482.33,3.33,6090.17,12,double_newline
32,long,2482.25,3.12,5688.54,10,double_newline
32,long,2481.60,2.27,4681.02,5,double_newline
32,long,2481.74,4.05,7423.20,20,double_newline
32,long,2481.67,3.72,6781.04,16,double_newline
32,long,2481.73,7.34,15431.76,95,double_newline
32,long,2481.11,3.85,6892.02,17,double_newline
32,long,2481.63,3.72,6781.03,16,double_newline
32,long,2481.67,6.24,12249.88,61,double_newline
32,long,2481.58,2.99,5486.79,9,double_newline
32,long,2481.66,8.52,17505.45,128,double_newline
32,long,2481.00,3.85,6891.89,17,double_newline
32,long,2481.54,3.40,6305.83,13,double_newline
32,long,2481.59,2.99,5486.94,9,double_newline
32,long,2481.29,15113.55,2481.36,1,double_newline
32,long,2481.56,5.46,9805.57,40,double_newline
32,long,2481.45,3.23,5888.86,11,double_newline
32,long,2481.52,2.99,5486.87,9,double_newline
32,long,311.23,2.85,7334.77,20,double_newline
32,long,2481.43,5.83,10709.57,48,double_newline
32,long,2481.34,5.90,10954.10,50,double_newline
32,long,3141.74,1.20,4803.28,2,double_newline
32,long,3098.82,1.68,8469.75,9,double_newline
32,long,3098.69,1.68,8469.61,9,double_newline
32,long,3098.72,5.79,15355.27,71,double_newline
32,long,3098.56,2.02,9033.28,12,double_newline
32,long,3097.55,7.40,20400.33,128,double_newline
32,long,3098.52,1.80,8646.09,10,double_newline
32,long,3098.63,6.33,16992.56,88,double_newline
32,long,3098.60,1.68,8469.52,9,double_newline
32,long,3098.52,3.18,10337.16,23,double_newline
32,long,3098.57,6.63,18028.79,99,double_newline
32,long,3098.42,5.65,14601.94,65,double_newline
32,long,3098.47,1.80,8646.07,10,double_newline
32,long,3098.51,1.52,8346.98,8,double_newline
32,long,3095.85,1.63,4931.44,3,double_newline
32,long,3094.70,2.02,9030.21,12,double_newline
32,long,708.17,1.85,9368.16,16,double_newline
32,long,3095.69,1.08,7716.94,5,double_newline
32,long,3095.81,5.54,14103.91,61,double_newline
32,long,3095.70,5.70,14675.44,66,double_newline
32,long,3095.58,1.92,8825.39,11,double_newline
32,long,3095.73,1.63,4931.33,3,double_newline
32,long,3095.63,3.61,10857.36,28,double_newline
32,long,3095.58,2.02,9030.31,12,double_newline
32,long,3095.59,1.52,8343.62,8,double_newline
32,long,3095.67,2.52,9444.69,16,double_newline
32,long,3095.58,7.40,20397.57,128,double_newline
32,long,3095.51,5.99,15952.67,77,double_newline
32,long,3095.64,3.03,10021.51,21,double_newline
32,long,3095.66,1.92,8825.50,11,double_newline
32,long,3095.58,5.71,15008.92,68,double_newline
32,long,3095.58,5.50,14004.09,60,double_newline
32,long,2793.92,3.44,5406.81,9,double_newline
32,long,2786.57,3.20,5283.41,8,double_newline
32,long,2786.33,5.27,11330.88,45,double_newline
32,long,2786.46,5.45,13065.42,56,double_newline
32,long,2786.24,3.68,5500.95,10,double_newline
32,long,2786.25,3.97,5806.88,12,double_newline
32,long,2786.49,4.07,7455.01,19,double_newline
32,long,2786.46,3.68,5501.12,10,double_newline
32,long,2786.48,3.44,5399.38,9,double_newline
32,long,2786.43,3.44,5399.05,9,double_newline
32,long,2786.38,3.68,5500.94,10,double_newline
32,long,2786.17,3.87,6149.27,13,double_newline
32,long,2786.34,3.97,5806.74,12,double_newline
32,long,2786.35,2.78,4946.98,6,double_newline
32,long,2785.78,6.28,16321.72,85,double_newline
32,long,2785.85,6.57,18908.62,106,double_newline
32,long,2785.81,4.59,30647.22,128,double_newline
32,long,2785.58,14796.56,2785.65,1,double_newline
32,long,2785.76,5.55,13597.40,60,double_newline
32,long,2785.77,5.50,13512.81,59,double_newline
32,long,2785.66,3.20,5282.48,8,double_newline
32,long,2785.69,3.68,5500.32,10,double_newline
32,long,2785.63,5.07,9880.45,36,double_newline
32,long,2785.63,3.80,6992.20,16,double_newline
32,long,2784.66,3.68,5499.80,10,double_newline
32,long,2785.58,2.47,4806.41,5,double_newline
32,long,2785.64,3.97,7070.46,17,double_newline
32,long,2785.62,4.19,7556.99,20,double_newline
32,long,2785.32,4.03,6261.93,14,double_newline
32,long,2785.50,3.45,5397.29,9,double_newline
32,long,2785.52,2.31,4086.45,3,double_newline
32,long,240.42,2.22,5637.81,12,double_newline
32,long,4001.27,0.77,16978.27,10,single_newline
32,long,3934.02,0.75,15873.85,9,single_newline
32,long,3933.86,1.29,7040.61,4,single_newline
32,long,3933.45,1.04,21310.04,18,single_newline
32,long,3930.56,1.09,9413.64,6,single_newline
32,long,3927.39,0.75,15867.27,9,single_newline
32,long,3926.96,0.99,21063.46,17,single_newline
32,long,3920.73,0.90,19520.16,14,single_newline
32,long,3915.64,0.85,13374.09,8,single_newline
32,long,3913.62,0.78,18026.26,11,single_newline
32,long,3913.16,0.75,15847.73,9,single_newline
32,long,3913.52,0.85,19164.52,13,single_newline
32,long,3913.56,0.75,15853.45,9,single_newline
32,long,3913.55,0.75,15853.45,9,single_newline
32,long,3904.18,0.82,18618.03,12,single_newline
32,long,3904.20,0.78,18017.17,11,single_newline
32,long,3904.17,0.77,16883.67,10,single_newline
32,long,3904.15,1.10,9381.32,6,single_newline
32,long,3903.84,10113.80,3903.94,1,single_newline
32,long,3901.88,0.94,19883.29,15,single_newline
32,long,3898.57,2.43,26546.46,55,single_newline
32,long,1222.27,0.71,18011.61,12,single_newline
32,long,3898.46,0.77,16877.98,10,single_newline
32,long,3898.08,0.94,19879.98,15,single_newline
32,long,3897.99,0.77,16874.96,10,single_newline
32,long,3898.41,1.02,10760.57,7,single_newline
32,long,3898.43,1.26,22964.73,24,single_newline
32,long,3896.16,0.77,16874.80,10,single_newline
32,long,3898.43,0.77,16877.90,10,single_newline
32,long,3898.39,1.48,7281.85,5,single_newline
32,long,3897.97,2.36,25901.54,52,single_newline
32,long,3897.87,1.59,24011.65,32,single_newline
32,long,4687.62,0.97,10848.12,6,single_newline
32,long,4656.29,0.84,10609.57,5,single_newline
32,long,4656.14,1.07,13090.11,9,single_newline
32,long,4656.11,1.64,16236.84,19,single_newline
32,long,4656.11,1.15,13381.25,10,single_newline
32,long,716.86,0.69,12337.98,8,single_newline
32,long,4656.07,2.79,18983.01,40,single_newline
32,long,4656.01,1.82,16736.30,22,single_newline
32,long,4655.97,1.15,13381.13,10,single_newline
32,long,4656.07,1.07,13090.04,9,single_newline
32,long,4656.03,2.88,19258.78,42,single_newline
32,long,4655.93,1.15,13381.58,10,single_newline
32,long,4655.98,1.19,14736.17,12,single_newline
32,long,4655.99,0.97,12895.68,8,single_newline
32,long,4642.53,3.21,19615.45,48,single_newline
32,long,4642.39,1.07,13076.37,9,single_newline
32,long,4642.32,1.07,13076.29,9,single_newline
32,long,4642.32,1.07,13076.30,9,single_newline
32,long,4642.36,2.42,17859.55,32,single_newline
32,long,4642.35,1.12,14491.75,11,single_newline
32,long,4641.63,1.15,13364.88,10,single_newline
32,long,4641.58,0.84,10578.05,5,single_newline
32,long,4641.56,1.07,13075.42,9,single_newline
32,long,4641.64,1.25,15048.19,13,single_newline
32,long,4641.56,0.97,12881.24,8,single_newline
32,long,4641.57,0.97,10797.81,6,single_newline
32,long,4641.45,2.71,18685.19,38,single_newline
32,long,4641.47,1.39,15425.66,15,single_newline
32,long,4641.44,0.97,12881.12,8,single_newline
32,long,4641.38,0.97,12879.86,8,single_newline
32,long,4641.50,2.37,17748.68,31,single_newline
32,long,4641.08,1.15,13364.45,10,single_newline
32,long,3197.91,2.30,7987.41,11,single_newline
32,long,3186.72,3.45,5214.76,7,single_newline
32,long,3186.64,3.26,5029.02,6,single_newline
32,long,3186.57,2.22,7697.45,10,single_newline
32,long,3186.44,2.22,7697.17,10,single_newline
32,long,3186.47,1.93,7332.56,8,single_newline
32,long,3186.35,2.11,7456.94,9,single_newline
32,long,3186.50,2.30,7975.95,11,single_newline
32,long,3186.38,2.30,7975.77,11,single_newline
32,long,3186.35,2.89,4915.55,5,single_newline
32,long,3186.30,2.13,4593.63,3,single_newline
32,long,3186.37,2.42,8552.08,13,single_newline
32,long,3186.40,2.22,7697.29,10,single_newline
32,long,3186.34,2.30,7975.94,11,single_newline
32,long,3184.94,5.73,15409.46,70,single_newline
32,long,3184.88,2.33,8339.45,12,single_newline
32,long,3185.01,2.11,7455.56,9,single_newline
32,long,3184.95,2.89,4914.21,5,single_newline
32,long,3184.79,5.98,15884.27,76,single_newline
32,long,3184.81,2.52,8736.89,14,single_newline
32,long,3184.77,2.30,7974.49,11,single_newline
32,long,3184.80,2.89,4913.96,5,single_newline
32,long,3184.78,3.26,5027.06,6,single_newline
32,long,3184.84,2.33,8339.29,12,single_newline
32,long,3184.67,2.22,7695.42,10,single_newline
32,long,3183.83,9364.16,3183.94,1,single_newline
32,long,259.28,4.69,14984.38,69,single_newline
32,long,3184.77,2.52,8736.77,14,single_newline
32,long,3184.69,3.45,5212.21,7,single_newline
32,long,3184.52,2.11,7454.98,9,single_newline
32,long,3184.66,5.18,12842.97,50,single_newline
32,long,3184.59,2.22,7695.30,10,single_newline
